{"v":"4.6.2","fr":60,"ip":0,"op":152,"w":1280,"h":720,"nm":"return-list-pre","ddd":0,"assets":[],"layers":[{"ddd":0,"ind":1,"ty":3,"nm":"control","ks":{"o":{"a":0,"k":0},"r":{"a":1,"k":[{"i":{"x":[0.2],"y":[1]},"o":{"x":[0.4],"y":[0]},"n":["0p2_1_0p4_0"],"t":0,"s":[0],"e":[-180]},{"i":{"x":[0.2],"y":[0.2]},"o":{"x":[0.4],"y":[0.4]},"n":["0p2_0p2_0p4_0p4"],"t":44.777,"s":[-180],"e":[-180]},{"i":{"x":[0.2],"y":[1]},"o":{"x":[0.4],"y":[0]},"n":["0p2_1_0p4_0"],"t":75.223,"s":[-180],"e":[0]},{"t":120}]},"p":{"a":0,"k":[640,360,0]},"a":{"a":0,"k":[1,-19.5,0]},"s":{"a":0,"k":[100,100,100]}},"ao":0,"ip":0,"op":300,"st":0,"bm":0,"sr":1},{"ddd":0,"ind":2,"ty":4,"nm":"上","parent":1,"ks":{"o":{"a":0,"k":100},"r":{"a":0,"k":180},"p":{"a":0,"k":[2,-124,0]},"a":{"a":0,"k":[-3,-119,0]},"s":{"a":0,"k":[100,100,100]}},"ao":0,"shapes":[{"ty":"gr","it":[{"ind":0,"ty":"sh","ks":{"a":1,"k":[{"i":{"x":0.2,"y":1},"o":{"x":0.4,"y":0},"n":"0p2_1_0p4_0","t":0,"s":[{"i":[[0,0],[0,0]],"o":[[0,0],[0,0]],"v":[[-110,-118],[104,-120]],"c":false}],"e":[{"i":[[0,0],[0,0]],"o":[[0,0],[0,0]],"v":[[-108,-222],[-28,-140]],"c":false}]},{"i":{"x":0.2,"y":1},"o":{"x":0.4,"y":0},"n":"0p2_1_0p4_0","t":44.777,"s":[{"i":[[0,0],[0,0]],"o":[[0,0],[0,0]],"v":[[-108,-222],[-28,-140]],"c":false}],"e":[{"i":[[0,0],[0,0]],"o":[[0,0],[0,0]],"v":[[-108,-222],[-28,-140]],"c":false}]},{"i":{"x":0.2,"y":1},"o":{"x":0.4,"y":0},"n":"0p2_1_0p4_0","t":75.223,"s":[{"i":[[0,0],[0,0]],"o":[[0,0],[0,0]],"v":[[-108,-222],[-28,-140]],"c":false}],"e":[{"i":[[0,0],[0,0]],"o":[[0,0],[0,0]],"v":[[-110,-118],[104,-120]],"c":false}]},{"t":120}]},"nm":"Path 1","mn":"ADBE Vector Shape - Group"},{"ty":"st","c":{"a":0,"k":[0.1647059,0.5294118,0.9333333,1]},"o":{"a":0,"k":100},"w":{"a":0,"k":35},"lc":2,"lj":1,"ml":4,"nm":"Stroke 1","mn":"ADBE Vector Graphic - Stroke"},{"ty":"tr","p":{"a":0,"k":[0,0],"ix":2},"a":{"a":0,"k":[0,0],"ix":1},"s":{"a":0,"k":[100,100],"ix":3},"r":{"a":0,"k":0,"ix":6},"o":{"a":0,"k":100,"ix":7},"sk":{"a":0,"k":0,"ix":4},"sa":{"a":0,"k":0,"ix":5},"nm":"变换"}],"nm":"Shape 1","np":3,"cix":2,"ix":1,"mn":"ADBE Vector Group"},{"ty":"rd","nm":"Round Corners 1","r":{"a":0,"k":10},"mn":"ADBE Vector Filter - RC"}],"ip":0,"op":300,"st":0,"bm":0,"sr":1},{"ddd":0,"ind":3,"ty":4,"nm":"中","parent":1,"ks":{"o":{"a":0,"k":100},"r":{"a":0,"k":180},"p":{"a":0,"k":[2,-18,0]},"a":{"a":0,"k":[-3,-119,0]},"s":{"a":0,"k":[100,100,100]}},"ao":0,"shapes":[{"ty":"gr","it":[{"ind":0,"ty":"sh","ks":{"a":0,"k":{"i":[[0,0],[0,0]],"o":[[0,0],[0,0]],"v":[[-110,-118],[104,-120]],"c":false}},"nm":"Path 1","mn":"ADBE Vector Shape - Group"},{"ty":"st","c":{"a":0,"k":[0.1647059,0.5294118,0.9333333,1]},"o":{"a":0,"k":100},"w":{"a":0,"k":35},"lc":2,"lj":1,"ml":4,"nm":"Stroke 1","mn":"ADBE Vector Graphic - Stroke"},{"ty":"tr","p":{"a":0,"k":[0,0],"ix":2},"a":{"a":0,"k":[0,0],"ix":1},"s":{"a":0,"k":[100,100],"ix":3},"r":{"a":0,"k":0,"ix":6},"o":{"a":0,"k":100,"ix":7},"sk":{"a":0,"k":0,"ix":4},"sa":{"a":0,"k":0,"ix":5},"nm":"变换"}],"nm":"Shape 1","np":3,"cix":2,"ix":1,"mn":"ADBE Vector Group"},{"ty":"rd","nm":"Round Corners 1","r":{"a":0,"k":10},"mn":"ADBE Vector Filter - RC"}],"ip":0,"op":300,"st":0,"bm":0,"sr":1},{"ddd":0,"ind":4,"ty":4,"nm":"下","parent":1,"ks":{"o":{"a":0,"k":100},"r":{"a":0,"k":180},"p":{"a":0,"k":[2,82,0]},"a":{"a":0,"k":[-3,-119,0]},"s":{"a":0,"k":[100,100,100]}},"ao":0,"shapes":[{"ty":"gr","it":[{"ind":0,"ty":"sh","ks":{"a":1,"k":[{"i":{"x":0.2,"y":1},"o":{"x":0.4,"y":0},"n":"0p2_1_0p4_0","t":0,"s":[{"i":[[0,0],[0,0]],"o":[[0,0],[0,0]],"v":[[-110,-118],[104,-120]],"c":false}],"e":[{"i":[[0,0],[0,0]],"o":[[0,0],[0,0]],"v":[[-110,-22],[-28,-112]],"c":false}]},{"i":{"x":0.2,"y":1},"o":{"x":0.4,"y":0},"n":"0p2_1_0p4_0","t":44.777,"s":[{"i":[[0,0],[0,0]],"o":[[0,0],[0,0]],"v":[[-110,-22],[-28,-112]],"c":false}],"e":[{"i":[[0,0],[0,0]],"o":[[0,0],[0,0]],"v":[[-110,-22],[-28,-112]],"c":false}]},{"i":{"x":0.2,"y":1},"o":{"x":0.4,"y":0},"n":"0p2_1_0p4_0","t":75.223,"s":[{"i":[[0,0],[0,0]],"o":[[0,0],[0,0]],"v":[[-110,-22],[-28,-112]],"c":false}],"e":[{"i":[[0,0],[0,0]],"o":[[0,0],[0,0]],"v":[[-110,-118],[104,-120]],"c":false}]},{"t":120}]},"nm":"Path 1","mn":"ADBE Vector Shape - Group"},{"ty":"st","c":{"a":0,"k":[0.1647059,0.5294118,0.9333333,1]},"o":{"a":0,"k":100},"w":{"a":0,"k":35},"lc":2,"lj":1,"ml":4,"nm":"Stroke 1","mn":"ADBE Vector Graphic - Stroke"},{"ty":"tr","p":{"a":0,"k":[0,0],"ix":2},"a":{"a":0,"k":[0,0],"ix":1},"s":{"a":0,"k":[100,100],"ix":3},"r":{"a":0,"k":0,"ix":6},"o":{"a":0,"k":100,"ix":7},"sk":{"a":0,"k":0,"ix":4},"sa":{"a":0,"k":0,"ix":5},"nm":"变换"}],"nm":"Shape 1","np":3,"cix":2,"ix":1,"mn":"ADBE Vector Group"},{"ty":"rd","nm":"Round Corners 1","r":{"a":0,"k":10},"mn":"ADBE Vector Filter - RC"}],"ip":0,"op":300,"st":0,"bm":0,"sr":1}]}